Provider,DropCallFreq
ATT,Occasionally
USCellular,Rarely
Verizon,Occasionally
ATT,Often
USCellular,Rarely
Verizon,Occasionally
ATT,Occasionally
Verizon,Rarely
Verizon,Rarely
Verizon,Rarely
Verizon,Rarely
Verizon,Rarely
Verizon,Occasionally
ATT,Occasionally
ATT,Often
Verizon,Rarely
Verizon,Rarely
Verizon,Rarely
ATT,Rarely
ATT,Occasionally
ATT,Rarely
Verizon,Rarely
Verizon,Rarely
ATT,Rarely
USCellular,Rarely
Verizon,Rarely
Verizon,Rarely
ATT,Rarely
Verizon,Rarely
Sprint,Occasionally
Verizon,Rarely
USCellular,Rarely
USCellular,Rarely
Sprint,Rarely
Verizon,Rarely
ATT,Occasionally
USCellular,Rarely
Verizon,Rarely
Verizon,Rarely
Sprint,Occasionally
Verizon,Rarely
ATT,Occasionally
Verizon,Rarely
Verizon,Rarely
USCellular,Rarely
Sprint,Rarely
ATT,Occasionally
Verizon,Rarely
Verizon,Rarely
Verizon,Rarely
Sprint,Occasionally
ATT,Rarely
Verizon,Rarely
ATT,Occasionally
Verizon,Rarely
ATT,Rarely
Sprint,Rarely
ATT,Rarely
Verizon,Rarely
Verizon,Rarely
Verizon,Rarely
Verizon,Rarely
ATT,Rarely
ATT,Often
Verizon,Occasionally
Verizon,Occasionally
ATT,Occasionally
ATT,Rarely
ATT,Often
Verizon,Rarely
Verizon,Occasionally
Verizon,Rarely
Verizon,Rarely
Verizon,Rarely
Verizon,Rarely
USCellular,Rarely
ATT,Occasionally
Sprint,Rarely
Verizon,Occasionally
ATT,Rarely
Verizon,Rarely
ATT,Rarely
Verizon,Rarely
ATT,Rarely
ATT,Rarely
Verizon,Rarely
Verizon,Rarely
Verizon,Rarely
ATT,Rarely
USCellular,Rarely
Verizon,Occasionally
Sprint,Rarely
ATT,Rarely
Verizon,Rarely
Verizon,Rarely
Verizon,Rarely
Sprint,Rarely
ATT,Occasionally
ATT,Rarely
Verizon,Rarely
ATT,Occasionally
Verizon,Rarely
ATT,Rarely
Verizon,Rarely
USCellular,Rarely
Verizon,Rarely
Sprint,Rarely
Verizon,Rarely
Sprint,Rarely
Verizon,Rarely
ATT,Rarely
USCellular,Rarely
ATT,Often
ATT,Occasionally
Verizon,Rarely
Verizon,Rarely
ATT,Rarely
Verizon,Rarely
ATT,Rarely
Sprint,Rarely
ATT,Occasionally
Verizon,Rarely
Verizon,Rarely
Verizon,Rarely
USCellular,Occasionally
Sprint,Rarely
Verizon,Rarely
Verizon,Rarely
ATT,Rarely
Verizon,Rarely
Verizon,Rarely
ATT,Rarely
ATT,Rarely
Verizon,Rarely
Verizon,Rarely
Verizon,Rarely
Verizon,Rarely
Verizon,Rarely
Verizon,Rarely
USCellular,Rarely
USCellular,Occasionally
Verizon,Rarely
ATT,Occasionally
Verizon,Rarely
Verizon,Rarely
ATT,Often
ATT,Occasionally
Verizon,Rarely
ATT,Rarely
Verizon,Rarely
Verizon,Rarely
Verizon,Rarely
ATT,Occasionally
Verizon,Rarely
Verizon,Rarely
Sprint,Rarely
Verizon,Rarely
Verizon,Rarely
Verizon,Occasionally
ATT,Often
Verizon,Rarely
ATT,Occasionally
Verizon,Rarely
ATT,Rarely
Verizon,Rarely
ATT,Rarely
Verizon,Rarely
ATT,Occasionally
Verizon,Occasionally
Verizon,Rarely
Verizon,Rarely
USCellular,Occasionally
ATT,Rarely
Verizon,Rarely
Verizon,Rarely
Verizon,Rarely
Verizon,Occasionally
ATT,Rarely
ATT,Occasionally
Verizon,Rarely
Verizon,Rarely
Sprint,Occasionally
ATT,Rarely
Verizon,Rarely
ATT,Often
Verizon,Rarely
Verizon,Rarely
Sprint,Rarely
USCellular,Rarely
ATT,Rarely
Verizon,Rarely
USCellular,Rarely
Verizon,Rarely
USCellular,Occasionally
Verizon,Rarely
ATT,Rarely
Verizon,Rarely
Verizon,Rarely
ATT,Often
Verizon,Rarely
ATT,Rarely
Verizon,Rarely
Sprint,Rarely
Verizon,Occasionally
ATT,Rarely
Verizon,Rarely
USCellular,Rarely
Verizon,Rarely
Verizon,Rarely
Verizon,Rarely
Verizon,Rarely
Sprint,Rarely
ATT,Rarely
ATT,Rarely
Sprint,Rarely
Verizon,Rarely
ATT,Rarely
Verizon,Rarely
ATT,Rarely
Verizon,Often
Verizon,Rarely
ATT,Rarely
Verizon,Rarely
Verizon,Rarely
Verizon,Rarely
Verizon,Rarely
USCellular,Rarely
Sprint,Rarely
ATT,Occasionally
ATT,Often
USCellular,Rarely
Verizon,Rarely
ATT,Occasionally
Verizon,Rarely
Verizon,Rarely
Verizon,Rarely
ATT,Occasionally
Verizon,Rarely
Verizon,Rarely
ATT,Rarely
ATT,Rarely
Verizon,Rarely
ATT,Occasionally
Verizon,Rarely
Verizon,Rarely
USCellular,Occasionally
USCellular,Occasionally
Verizon,Rarely
Verizon,Rarely
Sprint,Rarely
Verizon,Rarely
Verizon,Occasionally
Verizon,Rarely
Verizon,Rarely
Verizon,Rarely
Verizon,Rarely
ATT,Rarely
Verizon,Rarely
ATT,Occasionally
ATT,Rarely
Verizon,Rarely
Verizon,Rarely
Verizon,Occasionally
Verizon,Rarely
Verizon,Rarely
USCellular,Rarely
Verizon,Rarely
Verizon,Rarely
Verizon,Rarely
ATT,Rarely
Verizon,Rarely
ATT,Rarely
Verizon,Rarely
Verizon,Occasionally
Verizon,Rarely
ATT,Occasionally
Verizon,Rarely
Verizon,Rarely
ATT,Rarely
USCellular,Rarely
Verizon,Rarely
Verizon,Rarely
ATT,Occasionally
ATT,Rarely
Verizon,Rarely
USCellular,Rarely
Verizon,Rarely
Verizon,Rarely
Verizon,Rarely
ATT,Rarely
Verizon,Rarely
ATT,Occasionally
Verizon,Rarely
USCellular,Often
Verizon,Rarely
USCellular,Rarely
Verizon,Rarely
Sprint,Occasionally
ATT,Rarely
USCellular,Rarely
ATT,Occasionally
Sprint,Rarely
Verizon,Rarely
ATT,Occasionally
Verizon,Occasionally
Verizon,Rarely
Verizon,Rarely
ATT,Rarely
Verizon,Rarely
USCellular,Rarely
Verizon,Rarely
ATT,Rarely
USCellular,Rarely
ATT,Rarely
ATT,Occasionally
ATT,Rarely
Sprint,Rarely
Verizon,Rarely
ATT,Occasionally
Verizon,Rarely
Verizon,Occasionally
Verizon,Rarely
Verizon,Rarely
Verizon,Rarely
Verizon,Rarely
ATT,Rarely
Verizon,Often
Verizon,Rarely
Verizon,Rarely
ATT,Rarely
Verizon,Rarely
ATT,Rarely
Verizon,Rarely
ATT,Rarely
Verizon,Occasionally
ATT,Often
Verizon,Rarely
Verizon,Rarely
Verizon,Rarely
ATT,Often
Verizon,Occasionally
ATT,Rarely
ATT,Occasionally
Verizon,Rarely
ATT,Rarely
Verizon,Rarely
ATT,Rarely
Sprint,Occasionally
Verizon,Rarely
ATT,Rarely
Verizon,Rarely
USCellular,Occasionally
Verizon,Rarely
ATT,Rarely
USCellular,Often
ATT,Rarely
Sprint,Rarely
Verizon,Rarely
Verizon,Rarely
Verizon,Rarely
Verizon,Rarely
ATT,Rarely
ATT,Rarely
Verizon,Rarely
USCellular,Rarely
ATT,Rarely
USCellular,Rarely
Verizon,Rarely
Verizon,Rarely
USCellular,Often
ATT,Occasionally
ATT,Occasionally
USCellular,Rarely
Verizon,Rarely
Verizon,Rarely
USCellular,Rarely
USCellular,Occasionally
Verizon,Occasionally
Verizon,Rarely
Sprint,Rarely
ATT,Occasionally
Verizon,Often
Sprint,Rarely
Verizon,Rarely
ATT,Occasionally
ATT,Rarely
Verizon,Rarely
Verizon,Rarely
ATT,Often
Verizon,Rarely
Verizon,Rarely
Verizon,Rarely
USCellular,Rarely
Verizon,Rarely
ATT,Rarely
Verizon,Occasionally
Sprint,Rarely
Verizon,Rarely
Verizon,Rarely
Verizon,Rarely
Verizon,Rarely
ATT,Rarely
Verizon,Rarely
Verizon,Rarely
Verizon,Rarely
Verizon,Often
Verizon,Rarely
Verizon,Rarely
Verizon,Rarely
Verizon,Rarely
ATT,Rarely
Verizon,Rarely
USCellular,Occasionally
Verizon,Rarely
Verizon,Rarely
ATT,Often
ATT,Rarely
ATT,Occasionally
Verizon,Rarely
Verizon,Rarely
ATT,Rarely
Sprint,Occasionally
Verizon,Rarely
ATT,Rarely
ATT,Rarely
Verizon,Rarely
Verizon,Rarely
ATT,Occasionally
Verizon,Rarely
Verizon,Rarely
Verizon,Rarely
ATT,Occasionally
ATT,Often
ATT,Rarely
Verizon,Occasionally
Verizon,Rarely
Verizon,Rarely
USCellular,Rarely
Verizon,Rarely
Verizon,Rarely
USCellular,Rarely
Verizon,Rarely
Verizon,Rarely
USCellular,Often
Verizon,Rarely
ATT,Rarely
Sprint,Rarely
USCellular,Rarely
Verizon,Rarely
Verizon,Rarely
Verizon,Rarely
ATT,Occasionally
ATT,Rarely
Verizon,Rarely
Verizon,Rarely
ATT,Occasionally
ATT,Often
Verizon,Rarely
USCellular,Often
Sprint,Rarely
Verizon,Rarely
Verizon,Rarely
Verizon,Rarely
USCellular,Occasionally
ATT,Rarely
ATT,Rarely
Verizon,Often
USCellular,Rarely
Verizon,Rarely
Verizon,Rarely
ATT,Rarely
Sprint,Occasionally
Verizon,Rarely
ATT,Occasionally
Sprint,Rarely
ATT,Rarely
Verizon,Rarely
Verizon,Rarely
Verizon,Rarely
USCellular,Occasionally
Verizon,Rarely
ATT,Occasionally
Verizon,Rarely
Verizon,Rarely
Verizon,Rarely
Verizon,Rarely
Verizon,Rarely
Verizon,Rarely
ATT,Occasionally
ATT,Rarely
Sprint,Occasionally
Verizon,Rarely
Verizon,Rarely
Verizon,Rarely
Verizon,Rarely
Sprint,Rarely
Verizon,Rarely
USCellular,Rarely
USCellular,Rarely
ATT,Rarely
USCellular,Rarely
USCellular,Rarely
ATT,Often
Verizon,Rarely
ATT,Rarely
Sprint,Often
ATT,Often
Verizon,Rarely
Verizon,Rarely
ATT,Occasionally
Verizon,Rarely
Verizon,Rarely
Verizon,Rarely
ATT,Occasionally
ATT,Rarely
Verizon,Often
ATT,Occasionally
ATT,Occasionally
Verizon,Occasionally
Sprint,Often
Sprint,Rarely
ATT,Rarely
Verizon,Rarely
Verizon,Rarely
Verizon,Rarely
ATT,Rarely
Verizon,Rarely
Verizon,Rarely
ATT,Occasionally
Verizon,Occasionally
ATT,Occasionally
ATT,Rarely
Verizon,Rarely
Verizon,Rarely
ATT,Rarely
Verizon,Occasionally
Verizon,Rarely
Verizon,Rarely
Verizon,Occasionally
USCellular,Rarely
Verizon,Rarely
Verizon,Rarely
Verizon,Rarely
USCellular,Often
ATT,Occasionally
Verizon,Rarely
Verizon,Rarely
Verizon,Rarely
Sprint,Rarely
Verizon,Rarely
Verizon,Rarely
Verizon,Rarely
Verizon,Occasionally
Verizon,Rarely
Sprint,Rarely
Verizon,Rarely
ATT,Rarely
ATT,Rarely
Verizon,Rarely
ATT,Occasionally
ATT,Often
Verizon,Rarely
Verizon,Rarely
Verizon,Rarely
ATT,Often
Verizon,Rarely
ATT,Occasionally
ATT,Often
Verizon,Rarely
ATT,Rarely
ATT,Rarely
ATT,Often
ATT,Occasionally
Verizon,Rarely
ATT,Occasionally
ATT,Occasionally
ATT,Rarely
ATT,Often
Verizon,Occasionally
