CollegeGPA,Gender,HSGPA,ACT,APHours,JobHours,School,LanguagesSpoken,HSHonorsClasses,SmokeInHS,PayCollegeNoLoans,ClubsInHS,JobInHS,Churchgoer,Height,Weight,Family,Pet
3.62,Female,3.18,25,0,0,Private,1,0,No,No,4,Yes,No,68,160,Youngest Child,Dog
3.2,Female,3.2,25,0,0,Private,1,0,No,No,3,Yes,No,65,140,Youngest Child,Dog
2.83,Male,3.4,28,0,0,Private,1,0,No,Yes,0,No,Yes,72,160,Youngest Child,Dog
3.48,Male,3.14,24,0,7,Private,1,0,No,Yes,18,Yes,Yes,73,185,Youngest Child,Dog
3.8,Male,4,24,0,12,Private,1,0,No,No,2,No,Yes,72.5,174,Youngest Child,Dog
3.39,Female,3.85,20,0,0,Public,1,0,No,Yes,2,No,Yes,64,102,Youngest Child,Dog
3.04,Male,3.6,22,0,0,Public,1,0,No,Yes,3,No,Yes,72,205,Middle Child,Dog
3.76,Female,3.25,23,0,0,Public,1,0,No,Yes,4,No,No,63,125,Youngest Child,Dog
2.36,Female,3.6,23,0,0,Public,1,0,No,No,1,No,No,62.5,150,Oldest Child,Dog
3.42,Male,3.64,24,0,0,Public,1,0,No,No,0,No,No,75,182,Only Child,Neither
2.13,Female,2.34,28,0,4,Public,1,0,No,Yes,3,No,No,67,120,Only Child,Dog
3.72,Female,3.9,21,0,20,Public,1,0,No,Yes,3,No,Yes,72,160,Youngest Child,Dog
2.7,Male,2.5,22,0,24,Public,1,0,No,Yes,3,Yes,Yes,70,190,Youngest Child,Neither
4,Male,3,24,0,28,Public,1,0,No,Yes,1,Yes,No,72,185,Oldest Child,Cat
3,Female,3.75,24,0,30,Public,1,0,Yes,No,3,No,No,63,123,Youngest Child,Dog
3.15,Female,3,27,0,0,Private,2,0,No,Yes,3,Yes,No,68,125,Youngest Child,Dog
3.5,Male,3.3,21,0,0,Public,2,0,No,No,0,No,No,70,185,Only Child,Both
3.2,Male,3.75,23,0,0,Public,2,0,No,Yes,0,No,No,68,160,Oldest Child,Neither
3.45,Female,3.6,24,0,0,Private,1,1,No,Yes,5,No,No,67,123,Youngest Child,Dog
3.46,Female,3.5,22,0,0,Public,1,1,Yes,Yes,3,Yes,No,69,133,Oldest Child,Dog
4,Female,4,28,0,0,Public,1,1,No,Yes,9,Yes,Yes,65,135,Youngest Child,Dog
3,Female,3.98,21,6,0,Public,1,1,Yes,Yes,6,Yes,Yes,62,160,Youngest Child,Cat
3,Female,3.6,23,6,0,Public,1,1,No,Yes,3,No,No,76,128,Youngest Child,Neither
3.26,Female,3.91,25,6,0,Private,2,1,No,Yes,3,Yes,No,66,158,Oldest Child,Dog
3.37,Male,4,26,3,4,Private,2,1,Yes,Yes,4,Yes,No,72,143.6,Middle Child,Cat
3.3,Male,3.23,23,6,0,Public,2,1,No,No,2,No,No,74,200,Only Child,Cat
3.28,Male,3.98,22,0,0,Private,1,2,No,Yes,5,Yes,Yes,69,190,Middle Child,Dog
3.74,Female,3.79,25,0,0,Private,1,2,No,Yes,3,No,No,67,139,Youngest Child,Neither
3.55,Female,3.75,27,0,0,Private,1,2,No,No,5,No,Yes,62,124,Oldest Child,Dog
2.89,Female,3.4,26,3,0,Private,1,2,No,Yes,3,Yes,No,64,125,Youngest Child,Dog
3.4,Male,3.9,27,6,0,Private,1,2,Yes,Yes,5,Yes,Yes,71,155,Youngest Child,Dog
2.78,Female,3.6,24,8,0,Private,1,2,No,Yes,1,No,Yes,59,112,Middle Child,Both
3.34,Male,3.8,29,12,0,Private,1,2,No,No,4,No,No,70,200,Oldest Child,Dog
3.65,Male,4,32,6,4,Private,1,2,No,Yes,4,Yes,Yes,70,200,Oldest Child,Both
2.73,Female,3.8,25,0,0,Public,1,2,No,Yes,3,No,Yes,68,135,Oldest Child,Dog
3.47,Male,3.8,28,0,0,Public,1,2,No,Yes,4,No,No,72,155,Oldest Child,Dog
2.76,Female,3.7,20,3,0,Public,1,2,No,No,7,Yes,Yes,65,140,Youngest Child,Dog
3.2,Male,3.1,24,6,0,Public,1,2,No,Yes,4,Yes,No,70,240,Middle Child,Dog
3.25,Male,3.5,25,14,0,Public,1,2,No,No,4,No,Yes,75,180,Youngest Child,Cat
2.5,Male,3.5,19,2,10,Public,1,2,No,Yes,6,Yes,No,56,166,Only Child,Dog
3.33,Female,3.8,24,0,12,Public,1,2,No,Yes,3,No,No,64,135,Middle Child,Neither
3.25,Female,3.7,25,6,12,Public,1,2,No,Yes,2,Yes,No,66,125,Youngest Child,Dog
3.21,Male,3.6,26,0,15,Public,1,2,No,Yes,2,Yes,No,79,190,Youngest Child,Dog
2.77,Female,4,23,12,17,Public,1,2,No,Yes,3,Yes,No,63,120,Youngest Child,Dog
3.27,Female,3.8,25,12,23,Public,1,2,No,No,3,No,No,64,134,Youngest Child,Neither
3,Female,4.9,23,0,25,Public,1,2,No,No,5,Yes,No,62,141,Only Child,Dog
3.2,Female,3.8,27,0,0,Private,2,2,No,Yes,5,No,Yes,62,165,Oldest Child,Dog
2.45,Female,3.75,22,0,8,Public,2,2,No,Yes,4,Yes,No,68,130,Oldest Child,Dog
3.11,Female,3.97,24,0,0,Private,1,3,No,Yes,7,Yes,Yes,63,200,Oldest Child,Neither
3.57,Male,3.86,27,0,0,Private,1,3,No,Yes,0,No,No,70,190,Only Child,Dog
2.74,Male,3.99,30,0,0,Private,1,3,No,No,3,Yes,Yes,69,160,Only Child,Dog
2.35,Female,3.6,23,3,25,Private,1,3,No,No,5,Yes,Yes,66,180,Oldest Child,Dog
3.01,Female,3.8,25,0,30,Private,1,3,No,Yes,2,No,Yes,67,139,Oldest Child,Dog
3.29,Female,3.75,25,0,0,Public,1,3,No,Yes,3,Yes,Yes,70,170,Youngest Child,Dog
3.5,Male,3.3,28,0,0,Public,1,3,No,No,0,No,Yes,66,130,Middle Child,Dog
3.34,Female,3.3,24,3,0,Public,1,3,No,No,1,Yes,No,62,115,Oldest Child,Cat
3.2,Male,3.6,28,4,0,Public,1,3,No,Yes,3,No,No,70,280,Youngest Child,Dog
3,Male,3.6,28,11,0,Public,1,3,Yes,No,1,Yes,No,69,155,Oldest Child,Dog
3.41,Female,3.63,17,12,0,Public,1,3,No,No,2,No,No,65,178,Oldest Child,Dog
3.83,Female,3.98,24,12,0,Public,1,3,No,No,3,Yes,Yes,66,118,Middle Child,Dog
3.33,Female,3.2,21,15,0,Public,1,3,Yes,Yes,2,No,No,65,153,Youngest Child,Dog
2.95,Female,3.2,26,17,0,Public,1,3,No,Yes,3,No,No,67,153,Oldest Child,Dog
3.71,Female,3.6,22,6,4,Public,1,3,No,No,4,No,No,64,113,Youngest Child,Dog
3.25,Male,3.46,28,0,0,Private,2,3,No,Yes,6,No,No,72,150,Only Child,Dog
3.78,Female,4.1,27,2,15,Private,2,3,No,No,3,Yes,Yes,63,130,Middle Child,Both
3.57,Female,4.1,30,3,0,Public,2,3,Yes,Yes,5,Yes,No,65,130,Only Child,Neither
3.42,Female,3.89,23,0,1,Public,2,3,No,No,6,No,Yes,67,150,Youngest Child,Cat
4,Male,3.5,30,6,12,Public,2,3,No,Yes,3,Yes,No,72,155,Oldest Child,Dog
3.21,Male,3.67,25,0,15,Public,2,3,No,No,7,No,Yes,72,165,Middle Child,Dog
3.8,Female,3.4,24,6,15,Public,2,3,No,Yes,5,Yes,No,64,124,Middle Child,Dog
3.65,Female,3.65,27,18,24,Public,2,3,No,No,3,Yes,No,65,155,Oldest Child,Dog
3.9,Female,4.08,28,0,0,Private,3,3,No,Yes,1,No,No,62,140,Youngest Child,Neither
4,Female,3.98,25,3,0,Public,3,3,No,Yes,4,No,No,62,100,Oldest Child,Both
2.34,Male,3.3,25,3,11,Public,3,3,No,No,0,No,No,70,140,Youngest Child,Both
3.79,Male,3.82,21,0,0,Private,1,4,No,Yes,3,Yes,No,68,175,Middle Child,Dog
3.62,Female,3.7,26,0,0,Private,1,4,No,Yes,3,No,Yes,63,110,Middle Child,Dog
3.34,Female,3.6,27,0,0,Private,1,4,No,No,5,No,Yes,66,147,Oldest Child,Dog
3.37,Female,4.19,28,0,0,Private,1,4,No,Yes,18,No,Yes,68,145,Youngest Child,Dog
3.38,Male,3.6,29,12,0,Private,1,4,No,Yes,2,No,Yes,73,225,Middle Child,Dog
3,Male,3,23,12,18,Private,1,4,No,No,2,No,Yes,60,180,Only Child,Neither
3.4,Male,3.3,29,6,35,Private,1,4,No,Yes,3,Yes,No,67,150,Middle Child,Dog
2.84,Male,3.5,24,0,0,Public,1,4,No,No,0,Yes,No,64,150,Oldest Child,Dog
3.3,Male,3.95,27,0,0,Public,1,4,No,Yes,3,No,Yes,69,165,Oldest Child,Both
3.65,Male,3.95,29,3,0,Public,1,4,No,Yes,1,No,No,75,160,Oldest Child,Both
3.95,Female,3.95,25,6,0,Public,1,4,No,No,5,Yes,Yes,64,123,Oldest Child,Neither
3.96,Male,3.98,27,6,0,Public,1,4,No,No,3,No,Yes,74,280,Youngest Child,Neither
3.97,Female,4,28,9,0,Public,1,4,No,No,8,No,Yes,67,130,Oldest Child,Neither
3.77,Male,4,28,12,0,Public,1,4,No,No,6,No,No,71,160,Only Child,Both
3.42,Female,3.79,28,0,4,Public,1,4,No,No,5,Yes,No,67,159,Oldest Child,Dog
2.3,Female,3.3,22,30,10,Public,1,4,Yes,Yes,4,Yes,No,69,136,Youngest Child,Dog
3.87,Female,4.12,23,3,13,Public,1,4,No,Yes,5,Yes,Yes,66,139,Youngest Child,Dog
3,Male,3.55,23,3,15,Public,1,4,No,No,2,Yes,No,71,170,Middle Child,Neither
3.31,Female,3.34,29,6,15,Public,1,4,No,No,5,No,Yes,66,125,Oldest Child,Dog
3.78,Male,4,33,9,15,Public,1,4,No,Yes,4,Yes,No,73,180,Youngest Child,Dog
3.66,Female,3.5,26,0,20,Public,1,4,Yes,Yes,1,Yes,No,65,132,Youngest Child,Cat
3.61,Male,4.23,31,3,20,Public,1,4,No,Yes,5,Yes,No,74,220,Youngest Child,Dog
3.85,Male,3.7,29,10,0,Private,2,4,No,No,5,No,No,73,184,Middle Child,Cat
3.95,Female,3.95,28,3,17,Public,2,4,No,Yes,7,No,Yes,63,108,Youngest Child,Neither
3.06,Male,3.89,25,0,28,Public,2,4,No,No,4,Yes,Yes,68,151,Middle Child,Dog
2.6,Male,3.75,23,0,0,Private,1,5,No,Yes,2,No,No,72,215,Middle Child,Dog
3.5,Female,4.2,26,0,0,Private,1,5,No,Yes,7,No,Yes,66,135,Youngest Child,Neither
3.78,Male,3.5,28,0,0,Private,1,5,No,No,5,No,Yes,72,165,Oldest Child,Neither
3.34,Female,3.75,28,0,0,Private,1,5,No,Yes,7,No,Yes,66,125,Youngest Child,Dog
3.74,Female,4,26,3,0,Private,1,5,No,Yes,4,No,No,66,135,Oldest Child,Neither
3.02,Male,4,29,3,0,Private,1,5,No,No,5,No,Yes,75,185,Middle Child,Dog
3.96,Female,3.57,29,0,7,Private,1,5,No,Yes,3,Yes,Yes,66,172,Oldest Child,Dog
3.03,Female,3.67,24,0,20,Private,1,5,No,No,7,Yes,Yes,65,140,Only Child,Dog
3.61,Female,4.2,26,0,20,Private,1,5,No,Yes,5,No,Yes,63,130,Oldest Child,Neither
2.11,Male,3.3,26,0,0,Public,1,5,No,No,10,No,No,75,210,Only Child,Neither
3.2,Female,3.87,27,0,0,Public,1,5,No,Yes,7,Yes,No,63,127,Oldest Child,Neither
4,Female,4.13,28,0,0,Public,1,5,No,Yes,7,No,Yes,62,125,Oldest Child,Both
3,Male,3.33,30,0,0,Public,1,5,No,No,2,Yes,No,73,150,Youngest Child,Dog
2.85,Male,3.2,25,3,0,Public,1,5,No,No,4,Yes,No,73,190,Middle Child,Dog
2.16,Male,3.4,26,10,0,Public,1,5,No,Yes,5,Yes,No,70,130,Oldest Child,Dog
3.51,Female,3.9,28,12,0,Public,1,5,No,Yes,8,No,Yes,64,130,Youngest Child,Dog
3.57,Female,3.8,32,12,0,Public,1,5,No,Yes,6,No,Yes,67,132,Oldest Child,Dog
2.67,Male,3.75,24,21,0,Public,1,5,Yes,Yes,3,Yes,Yes,71,145,Youngest Child,Dog
3.8,Female,3.75,24,0,8,Public,1,5,No,Yes,5,No,Yes,60,130,Only Child,Dog
2.75,Female,3.85,25,0,10,Public,1,5,No,Yes,3,No,Yes,67,125,Oldest Child,Dog
3.6,Female,3.98,31,0,10,Public,1,5,No,Yes,3,Yes,No,79,105,Oldest Child,Neither
3.04,Female,3.98,23,12,10,Public,1,5,No,Yes,4,Yes,Yes,69,150,Youngest Child,Dog
4,Female,4,33,23,10,Public,1,5,Yes,Yes,10,No,No,70,253,Only Child,Dog
3.7,Male,4.2,26,0,35,Public,1,5,No,No,4,Yes,Yes,71,149,Oldest Child,Dog
3.64,Female,3.8,26,0,12,Private,2,5,No,Yes,4,Yes,No,66,140,Youngest Child,Neither
4,Male,3.01,26,0,35,Private,2,5,No,Yes,1,No,No,73,232.5,Oldest Child,Dog
3.75,Female,3.76,29,9,12,Public,2,5,No,No,10,No,Yes,66,135,Youngest Child,Dog
2.53,Female,3.5,21,8,20,Public,2,5,Yes,Yes,4,Yes,No,65,145,Middle Child,Dog
3.98,Female,3.45,31,6,25,Public,2,5,No,Yes,2,Yes,No,72,130,Youngest Child,Both
3.72,Male,4.16,29,0,0,Private,1,6,No,Yes,3,No,No,74,155,Youngest Child,Dog
3.75,Male,3.5,28,4,0,Private,1,6,No,Yes,3,No,No,73,200,Youngest Child,Dog
3.43,Female,3.8,23,6,0,Private,1,6,No,No,5,Yes,Yes,66,125,Only Child,Neither
3,Female,3.8,24,0,0,Public,1,6,No,Yes,5,Yes,No,68,135,Middle Child,Dog
3.42,Female,3.89,24,0,0,Public,1,6,No,No,3,Yes,Yes,64,115,Oldest Child,Dog
3.78,Female,4,29,0,0,Public,1,6,No,No,5,No,No,64,145,Middle Child,Neither
2.77,Male,2.7,26,2,0,Public,1,6,No,Yes,3,No,Yes,70,174,Oldest Child,Dog
3.81,Female,3.82,30,6,0,Public,1,6,No,No,2,No,Yes,62,111,Middle Child,Cat
3,Male,3,25,9,0,Public,1,6,Yes,Yes,4,Yes,Yes,74,190,Middle Child,Dog
3.04,Male,3.02,26,10,0,Public,1,6,No,Yes,6,Yes,No,70,180,Middle Child,Neither
3.44,Female,3.95,21,12,0,Public,1,6,No,No,5,No,No,62,135,Youngest Child,Dog
4,Male,4,29,12,0,Public,1,6,No,Yes,5,No,Yes,70,145,Youngest Child,Both
3.85,Female,3.7,28,0,3,Public,1,6,No,No,6,Yes,No,70,170,Youngest Child,Dog
3.06,Female,3.4,27,9,6,Public,1,6,No,No,4,Yes,No,64,180,Youngest Child,Cat
3.71,Male,3.83,26,6,10,Public,1,6,Yes,Yes,2,No,No,72,205,Youngest Child,Dog
2.77,Male,3.85,26,15,15,Public,1,6,No,No,7,No,Yes,75,237,Middle Child,Dog
3.25,Female,3.4,22,0,20,Public,1,6,No,No,12,Yes,No,65,135,Oldest Child,Dog
2.68,Female,3.4,22,4,20,Public,1,6,No,No,2,No,Yes,68,123,Youngest Child,Dog
3,Female,4.1,29,9,20,Public,1,6,Yes,No,2,Yes,No,61,102,Youngest Child,Neither
3.46,Female,3.89,20,0,25,Public,1,6,No,Yes,6,Yes,Yes,71,178,Youngest Child,Neither
3.4,Female,3.8,21,18,25,Public,1,6,No,No,3,Yes,Yes,63,122,Youngest Child,Dog
3.45,Female,3.97,27,18,25,Public,1,6,No,Yes,6,No,No,64,125,Oldest Child,Dog
3.8,Female,3.85,30,3,30,Public,1,6,No,Yes,5,Yes,Yes,62,100,Middle Child,Dog
3.2,Female,3.8,29,3,35,Public,1,6,No,Yes,4,Yes,No,64,130,Youngest Child,Dog
2.79,Female,3.79,23,0,40,Public,1,6,No,No,4,No,No,66,128,Oldest Child,Dog
4,Female,3.95,28,6,0,Private,2,6,No,Yes,12,Yes,Yes,63,120,Middle Child,Dog
2.9,Female,3.88,30,6,0,Private,2,6,No,Yes,7,No,Yes,66,170,Only Child,Dog
3.49,Male,4,26,27,0,Private,2,6,No,Yes,4,Yes,Yes,69,145,Oldest Child,Dog
3.09,Female,3.85,26,0,0,Public,2,6,No,No,4,No,Yes,67,220,Youngest Child,Dog
2.99,Female,3.78,28,6,0,Public,2,6,No,Yes,6,No,Yes,69,164,Oldest Child,Dog
3.66,Female,3.96,23,9,0,Public,2,6,No,Yes,9,No,No,63,115,Youngest Child,Dog
3.28,Male,3.8,30,9,0,Public,2,6,No,No,4,No,Yes,69,155,Only Child,Dog
3.65,Female,3.5,25,0,20,Public,2,6,No,No,3,Yes,Yes,63,115,Oldest Child,Neither
3.98,Female,4,31,12,25,Public,2,6,No,Yes,4,No,Yes,68.5,118,Oldest Child,Dog
3.45,Male,3.75,24,0,10,Public,3,6,No,Yes,3,No,Yes,71,135,Oldest Child,Neither
3.66,Male,3.8,29,8,15,Private,1,7,Yes,Yes,4,No,Yes,70,158,Youngest Child,Dog
2.95,Female,3.5,22,0,0,Public,1,7,No,Yes,5,No,No,65,140,Oldest Child,Dog
3.5,Female,3.92,27,0,0,Public,1,7,No,Yes,3,Yes,Yes,64,135,Middle Child,Dog
3.16,Male,4.05,29,3,0,Public,1,7,No,Yes,3,Yes,No,70,168,Youngest Child,Neither
3.63,Female,3.6,28,4,0,Public,1,7,No,Yes,7,No,No,69,137,Youngest Child,Neither
3.13,Male,3.95,25,6,0,Public,1,7,No,Yes,3,Yes,Yes,76,155,Oldest Child,Dog
3.15,Male,3.8,25,15,0,Public,1,7,No,No,4,Yes,No,70,135,Youngest Child,Dog
3.88,Male,3.92,28,0,15,Public,1,7,Yes,Yes,2,No,No,68,155,Oldest Child,Dog
2.73,Female,3.88,29,0,15,Public,1,7,No,No,9,No,No,70,115,Oldest Child,Cat
3.56,Male,3.96,20,0,0,Public,2,7,No,Yes,5,No,No,70,132,Only Child,Both
3.78,Female,3.85,29,15,0,Public,2,7,No,Yes,2,No,Yes,63,115,Youngest Child,Dog
3,Male,4,24,3,10,Public,2,7,No,No,1,Yes,No,75,160,Middle Child,Dog
3.94,Female,3.92,31,12,16,Public,2,7,No,Yes,5,No,Yes,65,131,Oldest Child,Cat
3.44,Female,3.8,27,0,27,Public,2,7,Yes,Yes,2,Yes,No,59,86,Oldest Child,Dog
3.97,Female,3.99,29,6,0,Private,1,8,No,Yes,10,Yes,No,70.5,180,Oldest Child,Both
3.17,Female,4.43,32,19,6,Private,1,8,No,Yes,7,No,No,70,147,Youngest Child,Dog
2.86,Male,3.9,23,0,0,Public,1,8,No,No,6,No,Yes,66,150,Middle Child,Neither
2.97,Male,3.67,25,0,0,Public,1,8,No,No,4,Yes,Yes,74,165,Oldest Child,Dog
3.45,Male,3.82,25,0,0,Public,1,8,No,Yes,6,Yes,Yes,69,170,Youngest Child,Dog
3.22,Female,3.76,26,0,0,Public,1,8,No,Yes,5,Yes,Yes,66,132,Middle Child,Dog
3.29,Female,3.76,29,0,0,Public,1,8,Yes,No,1,No,No,66,170,Oldest Child,Neither
3.52,Female,3.91,24,6,0,Public,1,8,Yes,Yes,5,No,No,63,145,Youngest Child,Neither
3.44,Female,4,27,6,0,Public,1,8,No,No,9,No,No,61,125,Middle Child,Cat
3.75,Female,3.8,26,8,0,Public,1,8,No,Yes,2,Yes,No,59,100,Youngest Child,Dog
3.7,Female,3.9,22,9,0,Public,1,8,No,No,5,Yes,No,65,135,Youngest Child,Dog
3.62,Male,4.32,25,9,0,Public,1,8,No,Yes,4,No,Yes,70,160,Oldest Child,Neither
3.52,Female,4,25,0,1,Public,1,8,No,Yes,2,No,Yes,60,109,Youngest Child,Cat
3.33,Male,3.5,29,16,4,Public,1,8,No,Yes,3,Yes,Yes,73,182,Youngest Child,Dog
3.91,Female,4,29,7,5,Public,1,8,No,Yes,7,Yes,Yes,62.5,125,Youngest Child,Dog
3.64,Female,3.9,29,21,5.5,Public,1,8,No,No,2,No,No,60,103,Oldest Child,Neither
3.21,Female,3.75,29,3,10,Public,1,8,No,Yes,4,Yes,Yes,65,135,Oldest Child,Dog
2.9,Male,3.98,30,16,16,Public,1,8,No,Yes,9,Yes,Yes,73,198,Oldest Child,Dog
3.45,Female,4.3,30,8,17,Public,1,8,No,Yes,5,Yes,Yes,63,140,Youngest Child,Cat
3.94,Male,3.95,29,3,18,Public,1,8,No,Yes,6,Yes,Yes,69,150,Youngest Child,Dog
3.33,Female,3.8,27,0,20,Public,1,8,No,No,7,Yes,No,63,100,Only Child,Dog
3.11,Male,3.94,29,6,24,Public,1,8,No,No,8,Yes,Yes,73,250,Oldest Child,Dog
3.63,Female,3.5,24,12,25,Public,1,8,No,No,3,Yes,Yes,65,120,Youngest Child,Dog
3.4,Female,4,33,9,30,Private,2,8,Yes,No,5,Yes,No,64,113,Oldest Child,Dog
3.83,Male,3.9,27,3,0,Public,2,8,No,Yes,3,No,Yes,72,165,Youngest Child,Dog
3.15,Female,4.35,25,20,15,Public,3,8,No,Yes,6,No,No,68,145,Oldest Child,Both
3.99,Female,4,29,3,0,Private,1,9,No,Yes,3,No,Yes,62,114,Youngest Child,Cat
3.6,Female,3.75,25,0,10,Private,1,9,No,No,5,Yes,No,65,170,Youngest Child,Dog
2.5,Male,3.78,25,3,0,Public,1,9,No,No,3,No,No,73,140,Oldest Child,Neither
3.71,Female,3.85,27,3,8,Public,1,9,No,Yes,6,Yes,Yes,67,120,Youngest Child,Cat
3,Female,3.65,27,0,12,Public,1,9,No,No,4,No,No,69,135,Youngest Child,Dog
3.9,Male,3.8,28,3,14,Public,1,9,No,Yes,3,No,No,72,150,Youngest Child,Dog
2.8,Female,3.75,23,0,23,Public,1,9,No,No,8,No,No,65,210,Oldest Child,Dog
2.5,Male,3.65,24,0,0,Private,1,10,No,No,5,No,No,70,185,Oldest Child,Dog
3.1,Male,4,28,18,35,Private,1,10,No,No,6,No,Yes,72,176,Middle Child,Dog
2.44,Female,3.67,24,0,0,Public,1,10,No,No,6,No,No,61,165,Youngest Child,Both
3.56,Male,3.75,28,0,0,Public,1,10,No,Yes,2,Yes,Yes,72,175,Youngest Child,Dog
3,Female,5,25,3,0,Public,1,10,No,Yes,5,No,No,68,118,Youngest Child,Dog
3,Female,3.78,26,3,0,Public,1,10,No,Yes,5,No,Yes,66,140,Youngest Child,Both
2.7,Female,3.94,26,6,0,Public,1,10,No,No,6,Yes,No,64,130,Oldest Child,Neither
3.73,Male,4.04,31,12,0,Public,1,10,No,Yes,4,No,Yes,71,170,Oldest Child,Dog
3.14,Male,3.8,28,23,0,Public,1,10,No,Yes,3,No,No,74,180,Middle Child,Dog
3.9,Female,3.97,30,6,9,Public,1,10,No,No,4,Yes,Yes,66,135,Youngest Child,Neither
3.59,Male,3.84,26,0,10,Public,1,10,No,No,4,Yes,Yes,71,175,Youngest Child,Dog
3.25,Female,3.8,28,10,12,Public,1,10,No,No,2,Yes,Yes,64,115,Youngest Child,Neither
2.68,Female,3.75,26,0,13,Public,1,10,No,No,4,No,No,68,145,Only Child,Dog
3.2,Female,3.9,25,0,20,Public,1,10,No,No,4,Yes,No,67,160,Youngest Child,Neither
3.12,Female,3.68,25,0,25,Public,1,10,No,No,10,Yes,Yes,60,130,Youngest Child,Dog
3.33,Female,3.96,24,6,30,Public,1,10,No,No,5,Yes,No,72,200,Oldest Child,Neither
3.94,Male,4,30,6,30,Public,1,10,No,Yes,2,Yes,No,72,205,Oldest Child,Neither
2.98,Female,3.96,29,12,30,Public,1,10,No,No,4,Yes,Yes,68,190,Middle Child,Neither
3,Male,3.7,24,0,0,Public,2,10,No,Yes,5,Yes,Yes,70,140,Youngest Child,Dog
3.67,Female,3.8,29,0,0,Public,2,10,No,No,6,No,Yes,69,135,Youngest Child,Dog
3,Male,3.44,32,6,12,Public,2,10,No,No,3,No,No,73,140,Oldest Child,Dog
2.95,Female,4,28,6,15,Public,2,10,No,No,6,Yes,No,61,102,Oldest Child,Dog
3.31,Female,3.75,31,3,20,Public,2,10,No,Yes,2,Yes,Yes,65,143,Middle Child,Dog
3.42,Female,3.85,24,6,17,Private,1,11,No,Yes,3,Yes,No,61,130,Youngest Child,Neither
3.35,Female,4.05,28,0,0,Public,1,11,No,Yes,2,Yes,No,76,195,Middle Child,Dog
3.2,Female,3.7,27,17,0,Public,1,11,No,Yes,8,No,Yes,67,180,Only Child,Neither
3.65,Female,4,27,3,6,Public,1,11,No,No,2,No,No,66,127,Only Child,Dog
3.6,Female,3.9,25,6,0,Private,1,12,No,Yes,6,No,No,64,120,Oldest Child,Dog
4,Female,4.26,27,6,0,Private,1,12,No,Yes,4,No,No,65,148,Oldest Child,Dog
3.92,Female,3.85,30,14,2,Private,1,12,No,No,8,Yes,Yes,69,175,Youngest Child,Dog
3.8,Female,4.2,27,0,3,Private,1,12,No,Yes,4,No,Yes,67.5,140,Only Child,Neither
3.25,Male,3.8,24,12,12,Private,1,12,No,No,2,No,Yes,70,145,Youngest Child,Dog
2.5,Male,3.85,28,0,0,Public,1,12,No,No,4,No,No,70,155,Oldest Child,Dog
3,Male,3.6,24,3,0,Public,1,12,No,No,7,Yes,Yes,72,145,Oldest Child,Cat
3.38,Male,3.2,25,3,0,Public,1,12,No,No,8,No,No,73,178,Middle Child,Neither
3.85,Female,3.6,27,3,0,Public,1,12,No,Yes,5,Yes,Yes,69,150,Youngest Child,Dog
3.69,Male,4.2,23,6,0,Public,1,12,No,Yes,5,No,Yes,71,164,Youngest Child,Both
3.54,Female,3.69,30,6,0,Public,1,12,No,No,7,No,No,62,114,Middle Child,Cat
2.3,Male,3.26,31,6,0,Public,1,12,No,Yes,3,Yes,No,72,175,Oldest Child,Dog
3.4,Female,3.8,26,9,0,Public,1,12,No,Yes,3,No,No,68,110,Oldest Child,Both
4,Female,4,31,12,0,Public,1,12,No,No,9,No,Yes,63.5,115,Youngest Child,Neither
3.97,Female,4.2,26,13,0,Public,1,12,No,Yes,3,Yes,Yes,64,140,Oldest Child,Dog
4,Male,4,33,18,0,Public,1,12,No,Yes,4,No,No,67,130,Youngest Child,Dog
3.5,Female,3.8,27,0,7,Public,1,12,No,No,5,Yes,Yes,64,140,Oldest Child,Both
3.8,Female,4.2,27,10,12,Public,1,12,No,Yes,3,Yes,No,65,130,Middle Child,Dog
3.6,Male,3.7,25,4,20,Public,1,12,No,Yes,3,No,Yes,62,110,Youngest Child,Cat
4,Female,3.97,24,14,24,Public,1,12,No,No,5,No,No,68,190,Oldest Child,Dog
3.45,Female,3.76,28,0,0,Public,2,12,No,Yes,10,Yes,No,65,127,Oldest Child,Dog
3.24,Male,3.84,30,3,0,Public,2,12,No,No,5,Yes,No,68,154,Oldest Child,Dog
3.46,Male,3.8,27,8,7,Public,2,12,No,Yes,4,No,No,75,198,Youngest Child,Dog
3.7,Female,3.85,21,0,25,Public,2,12,No,No,2,Yes,No,63,125,Youngest Child,Dog
3.97,Female,4.18,25,13,0,Private,1,13,No,No,2,Yes,Yes,62,110,Oldest Child,Neither
3.1,Female,3.8,29,3,2.5,Public,1,13,No,Yes,14,Yes,Yes,64,133,Youngest Child,Neither
3.27,Female,3.9,33,6,8,Public,1,13,No,No,8,No,No,62,105,Youngest Child,Cat
2.57,Female,3.58,31,24,10,Public,1,13,No,Yes,5,Yes,No,65,119,Youngest Child,Dog
4,Male,3.9,29,3,0,Public,2,13,No,Yes,3,No,No,68,130,Youngest Child,Both
2.74,Female,3.8,21,0,0,Public,1,14,No,Yes,15,Yes,Yes,67,135,Middle Child,Neither
3.65,Female,3.98,21,6,0,Public,1,14,No,Yes,7,Yes,No,66,140,Oldest Child,Cat
3.44,Female,3.89,29,9,0,Public,1,14,No,Yes,7,Yes,Yes,66,140,Oldest Child,Dog
3.61,Female,3.85,26,12,0,Public,1,14,No,Yes,6,Yes,Yes,62,114,Oldest Child,Both
3.2,Female,4.3,25,23,0,Public,1,14,No,Yes,7,No,No,65,126,Youngest Child,Dog
3.33,Male,4,31,0,10,Public,1,14,No,Yes,6,Yes,No,77,262,Oldest Child,Both
3.36,Male,4.34,28,29,0,Private,2,14,Yes,Yes,8,Yes,No,67,145,Youngest Child,Dog
3.87,Female,4.6,29,0,0,Private,1,15,No,Yes,9,No,No,63,110,Middle Child,Dog
3.89,Female,4,26,0,15,Private,1,15,No,No,6,No,Yes,65,173,Youngest Child,Dog
3.49,Female,3.9,22,12,0,Public,1,15,No,No,5,No,Yes,64,165,Youngest Child,Both
3.76,Male,3.92,22,12,0,Public,1,15,No,No,4,Yes,No,70,197,Oldest Child,Both
3.23,Female,3.8,28,12,0,Public,1,15,No,Yes,7,Yes,No,63,128,Middle Child,Dog
3.67,Male,4.3,30,12,0,Public,1,15,No,Yes,5,No,No,73,170,Youngest Child,Dog
3.78,Female,3.7,29,17,6,Public,1,15,No,No,5,Yes,Yes,62,125,Oldest Child,Dog
3.64,Female,3.85,22,0,15,Public,1,15,No,No,4,Yes,No,68,135,Oldest Child,Dog
3.9,Male,4,28,11,35,Public,1,15,No,Yes,4,No,Yes,70,178,Oldest Child,Dog
3.46,Female,3.8,23,0,0,Public,2,15,No,Yes,5,Yes,No,67,108,Only Child,Both
3.07,Male,3.75,25,0,0,Public,2,15,No,Yes,4,Yes,No,74,175,Oldest Child,Dog
3.1,Male,3.7,26,0,0,Public,2,15,No,Yes,1,No,No,62,145,Youngest Child,Dog
3.85,Female,4.2,29,0,15,Public,2,15,No,Yes,2,Yes,No,66,135,Youngest Child,Neither
3.71,Female,4,29,3,15,Public,3,15,No,Yes,6,No,Yes,65,106,Middle Child,Both
3.13,Female,3.88,26,4,0,Private,1,16,No,Yes,10,No,Yes,63,135,Oldest Child,Dog
2.8,Male,3.8,28,0,6,Private,1,16,No,No,6,Yes,No,76,170,Youngest Child,Dog
3.76,Female,4,29,12,9,Private,1,16,No,Yes,4,Yes,No,69,130,Youngest Child,Dog
3.45,Female,3.7,29,3,0,Public,1,16,No,Yes,6,No,Yes,67,140,Middle Child,Dog
3.01,Female,3.99,29,3,0,Public,1,16,No,Yes,10,No,No,68,150,Middle Child,Neither
4,Female,3.98,26,18,0,Public,1,16,No,Yes,3,Yes,No,66,150,Middle Child,Dog
2.9,Male,3.7,27,3,12,Public,1,16,Yes,No,4,Yes,No,72,150,Oldest Child,Dog
3.61,Female,3.64,27,6,12,Public,1,16,No,Yes,3,No,No,64,115,Oldest Child,Dog
3.93,Female,4.5,24,3,0,Public,2,16,Yes,Yes,6,Yes,No,63,140,Youngest Child,Dog
3.86,Male,4.11,32,3,0,Public,2,16,Yes,No,8,No,No,68,178,Oldest Child,Neither
3.87,Male,4,28,6,0,Public,1,17,No,No,5,No,Yes,69,165,Youngest Child,Dog
3.55,Female,4.33,30,17,25,Public,1,17,No,No,6,Yes,Yes,66,160,Middle Child,Dog
3.4,Female,3.7,26,0,0,Public,1,18,No,Yes,4,No,No,65,128,Youngest Child,Dog
3.65,Female,3.75,31,9,0,Public,1,18,No,Yes,7,No,Yes,66,121,Oldest Child,Neither
4,Male,3.99,29,11,0,Public,1,18,No,Yes,5,No,Yes,70,167,Youngest Child,Dog
4,Male,4,31,20,0,Public,1,18,No,Yes,5,No,Yes,72,170,Only Child,Dog
3.78,Female,4,34,20,0,Public,1,18,No,No,5,No,No,65,145,Youngest Child,Dog
3.89,Female,3.9,28,4,20,Public,1,18,No,Yes,10,No,Yes,62,115,Youngest Child,Dog
4,Female,4,34,27,7,Public,2,18,No,Yes,8,No,Yes,62,140,Youngest Child,Dog
3.65,Female,3.85,28,0,24,Public,2,18,No,No,4,Yes,No,67,185,Youngest Child,Dog
2.89,Female,3.78,26,15,0,Public,1,19,No,Yes,6,No,No,62,120,Oldest Child,Neither
3.19,Female,3.8999,29,6,8,Public,2,19,No,No,5,No,Yes,65,150,Only Child,Neither
3.12,Male,4.1,30,6,0,Public,1,20,No,Yes,3,Yes,No,73,218,Oldest Child,Neither
3.54,Female,3.7,25,9,0,Public,1,20,No,Yes,3,No,Yes,60,115,Youngest Child,Cat
2.88,Female,4.18,29,9,0,Public,1,20,No,No,5,Yes,Yes,62,113,Youngest Child,Neither
3,Male,4.1,33,12,0,Public,1,20,No,No,3,Yes,No,76,195,Middle Child,Dog
3.1,Male,4,29,0,3,Public,1,20,No,No,1,Yes,No,71,180,Oldest Child,Dog
3.7,Female,3.8,21,0,15,Public,1,20,No,No,3,Yes,No,66,175,Youngest Child,Neither
3.34,Female,3.7,26,6,15,Public,1,20,No,No,7,No,No,60,110,Youngest Child,Neither
2.85,Male,4,34,12,15,Public,1,20,Yes,Yes,5,Yes,No,71,140,Oldest Child,Dog
3.4,Female,4.1,24,0,20,Public,1,20,No,No,5,No,Yes,69,145,Oldest Child,Neither
3.67,Female,4,33,18,30,Public,1,20,No,No,7,No,Yes,67,146,Youngest Child,Neither
3.42,Male,3.6,24,0,0,Public,2,20,No,Yes,2,No,No,70,150,Oldest Child,Dog
3.77,Female,3.96,26,9,0,Public,2,20,No,Yes,7,Yes,No,65,128,Youngest Child,Neither
3.72,Female,3.34,26,12,0,Public,2,20,No,Yes,3,Yes,No,64,120,Youngest Child,Dog
2.54,Male,3.24,33,7,10,Public,2,20,No,No,3,Yes,No,67,143,Middle Child,Dog
3.72,Male,3.73,26,6,0,Public,3,20,No,Yes,3,No,No,72,160,Youngest Child,Dog
3.25,Female,3.975,29,0,15,Public,1,21,No,No,7,No,No,60,130,Oldest Child,Cat
2.77,Male,3.89,30,33,15,Public,2,21,No,Yes,2,Yes,No,71,160,Only Child,Both
4,Female,4,31,30,0,Private,1,24,No,Yes,5,Yes,No,66,123,Only Child,Dog
3.12,Male,2.43,31,1,0,Public,2,24,No,Yes,0,No,No,65,165,Only Child,Both
3.93,Female,3.9,31,6,0,Public,1,25,No,Yes,4,No,No,69,250,Oldest Child,Dog
2.59,Female,4,29,0,21,Public,2,25,No,No,3,No,No,70,201,Only Child,Dog
3.86,Female,3.75,24,3,0,Public,1,28,No,No,3,Yes,No,66,120,Youngest Child,Dog
3.45,Female,4.66,22,1,0,Public,1,30,No,No,5,No,Yes,66,165,Middle Child,Dog
3.11,Male,3.82,27,6,15,Public,1,30,No,No,5,No,No,70,180,Youngest Child,Neither
3.25,Female,4,24,6,20,Public,1,30,No,No,8,Yes,Yes,67,130,Youngest Child,Dog
3.98,Male,3.8,28,9,0,Public,3,30,No,No,7,Yes,No,69,145,Youngest Child,Dog
3.09,Female,4.125,26,0,10,Public,1,32,No,No,4,Yes,No,64,130,Middle Child,Neither
3.45,Female,4,25,12,0,Public,1,36,No,No,5,No,No,63,130,Youngest Child,Neither
3.6,Male,3.82,25,0,0,Private,1,52,No,Yes,4,Yes,Yes,69,145,Oldest Child,Neither
2.25,Male,3,26,0,0,Private,1,0,No,Yes,1,No,No,72,150,Oldest Child,Dog
2.89,Female,3.85,26,0,0,Private,1,0,No,Yes,7,No,Yes,65,130,Youngest Child,Dog
3.45,Female,3.1,26,0,6,Private,1,0,No,Yes,3,No,No,64,145,Youngest Child,Dog
2.66,Male,3,24,0,10,Private,1,0,Yes,No,3,Yes,No,70,160,Oldest Child,Dog
2.44,Male,3.45,25,0,14,Private,1,0,No,Yes,5,No,No,74,230,Oldest Child,Dog
3.22,Male,2.9,25,0,20,Private,1,0,No,No,5,No,No,68,173,Youngest Child,Dog
3,Male,3.5,19,0,0,Public,1,0,No,Yes,1,Yes,Yes,66,155,Youngest Child,Dog
2.8,Male,2.9,21,0,0,Public,1,0,No,Yes,4,No,No,72,195,Youngest Child,Dog
2.67,Male,3.6,21,0,0,Public,1,0,No,Yes,3,No,Yes,74,189,Youngest Child,Dog
2.8,Male,2.8,22,0,0,Public,1,0,No,Yes,2,Yes,Yes,72,185,Youngest Child,Neither
2.7,Female,3.5,22,0,0,Public,1,0,No,Yes,3,Yes,No,65,120,Middle Child,Dog
2.92,Female,3.02,23,0,0,Public,1,0,No,Yes,4,No,Yes,68,130,Oldest Child,Neither
2.1,Male,3.4,23,0,0,Public,1,0,No,Yes,5,No,Yes,76,215,Oldest Child,Dog
2.7,Male,3,24,0,0,Public,1,0,No,No,3,No,Yes,77,298,Oldest Child,Neither
2.29,Male,3.75,27,0,4,Public,1,0,No,No,3,No,No,69,180,Oldest Child,Both
3.22,Male,3.9,28,6,5,Public,1,0,No,Yes,3,No,No,77,215,Youngest Child,Neither
3.3,Female,3.6,22,0,8,Public,1,0,No,Yes,1,No,Yes,63,140,Middle Child,Neither
2.8,Female,3.4,20,0,10,Public,1,0,No,Yes,2,No,No,65,123,Youngest Child,Dog
2.7,Female,3.7,21,6,10,Public,1,0,No,No,3,No,No,66,167,Youngest Child,Dog
2.72,Male,2.9,25,9,10,Public,1,0,Yes,Yes,3,No,No,70,165,Middle Child,Dog
2.68,Male,2.7,19,0,12,Public,1,0,No,No,1,No,No,74,185,Oldest Child,Both
3.01,Male,2.75,20,0,12,Public,1,0,No,Yes,2,No,Yes,69,190,Youngest Child,Dog
3.54,Female,3.2,26,0,13,Public,1,0,Yes,No,2,Yes,No,68,245,Only Child,Both
3.87,Female,3.46,24,0,20,Public,1,0,No,No,5,Yes,Yes,68,150,Youngest Child,Dog
2.57,Male,2.89,24,0,22,Public,1,0,No,Yes,0,No,No,72,260,Oldest Child,Both
2.85,Male,2.8,23,0,25,Public,1,0,Yes,Yes,2,No,No,72,165,Oldest Child,Neither
2.56,Male,3.34,26,6,25,Public,1,0,No,Yes,0,Yes,No,73,165,Middle Child,Dog
3.18,Male,2.78,19,0,30,Public,1,0,No,No,3,Yes,No,65,155,Youngest Child,Dog
3.3,Male,3.7,27,0,40,Public,1,0,No,Yes,4,No,Yes,72,175,Middle Child,Dog
3.2,Male,3.5,25,0,0,Private,2,0,No,Yes,2,No,No,74,165,Youngest Child,Cat
3,Male,3.3,27,0,0,Private,2,0,No,Yes,3,No,No,65,145,Youngest Child,Dog
3.29,Male,3.75,28,0,10,Public,2,0,No,Yes,2,No,No,72,235,Only Child,Both
3.14,Female,3.87,23,6,17,Public,2,0,No,No,4,No,No,64,117,Youngest Child,Neither
3.15,Male,3.5,24,0,20,Public,2,0,No,Yes,0,Yes,No,73,200,Youngest Child,Neither
3.46,Female,3.4,26,0,0,Private,1,1,Yes,Yes,2,Yes,No,64,135,Oldest Child,Dog
3.3,Male,3.6,27,0,0,Private,1,1,No,No,2,No,No,71,163,Oldest Child,Dog
3.32,Male,3.3,23,3,0,Private,1,1,No,Yes,6,No,Yes,70,165,Youngest Child,Dog
3.55,Female,4.1,24,6,18,Private,1,1,No,Yes,4,Yes,Yes,65,129,Oldest Child,Dog
2.62,Male,2.73,27,0,20,Private,1,1,Yes,Yes,2,Yes,No,61,165,Oldest Child,Dog
3.25,Female,3.75,22,0,0,Public,1,1,No,No,4,No,No,63,130,Youngest Child,Dog
2.58,Male,3.5,27,0,0,Public,1,1,No,No,3,Yes,No,69,165,Youngest Child,Dog
3.74,Male,3.87,28,0,0,Public,1,1,No,Yes,5,No,Yes,77,267,Youngest Child,Dog
3.01,Female,3,29,0,0,Public,1,1,No,Yes,1,No,No,65,122,Youngest Child,Dog
2.68,Male,2.89,19,3,0,Public,1,1,No,No,4,No,No,68,165,Oldest Child,Dog
3.5,Male,3.5,26,6,8,Public,1,1,No,Yes,3,Yes,Yes,73,175,Middle Child,Dog
2.47,Female,3.96,23,0,10,Public,1,1,No,No,4,No,Yes,68,145,Middle Child,Neither
3.48,Female,3.89,29,12,15,Public,1,1,Yes,No,3,Yes,No,63,110,Middle Child,Neither
2.7,Female,3.75,24,12,30,Public,1,1,No,No,2,Yes,No,64,120,Only Child,Dog
3,Female,3.95,22,3,20,Private,2,1,No,Yes,1,Yes,Yes,64.5,110,Only Child,Dog
3.39,Male,3.77,23,0,0,Public,2,1,No,Yes,0,No,No,70,197,Youngest Child,Dog
2.5,Male,2.5,25,0,0,Public,2,1,No,No,3,No,Yes,68,220,Youngest Child,Neither
3.17,Male,3.65,24,3,0,Public,2,1,No,Yes,2,No,Yes,72,210,Middle Child,Neither
3.64,Female,3.8,22,0,0,Private,1,2,No,Yes,4,No,Yes,62,107,Oldest Child,Neither
2.55,Male,3,28,0,0,Private,1,2,No,Yes,3,No,No,68,170,Oldest Child,Dog
2.4,Male,3.3,22,0,0,Public,1,2,Yes,No,4,Yes,No,69,188,Youngest Child,Dog
2.75,Male,3.3,24,0,0,Public,1,2,Yes,Yes,2,Yes,No,72,190,Middle Child,Dog
2.95,Male,3.5,25,0,0,Public,1,2,No,Yes,3,Yes,No,71,175,Middle Child,Dog
3.1,Male,3.85,28,0,0,Public,1,2,No,No,1,No,No,69,160,Oldest Child,Dog
3.37,Female,4,28,5,0,Public,1,2,No,Yes,10,No,No,64,137,Youngest Child,Dog
3.65,Female,3.7,31,12,0,Public,1,2,No,Yes,2,No,No,60.5,110,Youngest Child,Dog
2.89,Male,3.33,22,0,10,Public,1,2,No,No,2,No,Yes,70,150,Only Child,Dog
3.44,Male,3.74,25,0,10,Public,1,2,No,Yes,6,No,Yes,69,160,Oldest Child,Dog
3.46,Female,3.77,30,0,14,Public,1,2,No,No,3,Yes,No,66,130,Youngest Child,Dog
3.4,Female,3.8,22,0,15,Public,1,2,No,Yes,4,Yes,Yes,63,125,Middle Child,Dog
3,Male,3.2,24,0,20,Public,1,2,No,No,0,No,No,73,145,Oldest Child,Dog
2.75,Male,3.4,25,0,20,Public,1,2,No,Yes,2,No,No,74,185,Oldest Child,Dog
2.75,Female,2.98,25,6,20,Public,1,2,No,No,3,Yes,No,60,120,Oldest Child,Dog
3.37,Male,3.6,24,0,30,Public,1,2,No,Yes,5,No,Yes,74,190,Oldest Child,Dog
2.5,Female,3.7,24,0,32,Public,1,2,No,Yes,2,Yes,No,67,128,Youngest Child,Dog
3.53,Female,3.8,26,3,35,Public,1,2,No,Yes,2,Yes,No,62,145,Youngest Child,Dog
2.97,Female,3.7,24,3,0,Public,2,2,No,No,5,Yes,No,63,115,Oldest Child,Cat
3.56,Male,2.9,29,4,0,Public,2,2,No,Yes,5,Yes,No,74,192,Youngest Child,Dog
3.54,Male,3.3,22,15,0,Public,2,2,Yes,No,4,Yes,No,76,295,Only Child,Dog
3.12,Male,3.89,26,0,10,Public,2,2,No,Yes,3,Yes,Yes,75,185,Oldest Child,Dog
2.55,Male,3.2,25,12,0,Private,3,2,No,Yes,4,Yes,No,67,145,Youngest Child,Neither
3,Female,3.4,25,0,0,Private,1,3,No,Yes,5,No,Yes,69,168,Oldest Child,Dog
3.43,Female,3.97,23,0,8,Private,1,3,No,Yes,14,No,Yes,61.5,127,Middle Child,Both
3.78,Male,3.89,22,0,0,Public,1,3,No,Yes,5,No,Yes,70,185,Youngest Child,Neither
3,Male,3.8,24,0,0,Public,1,3,No,No,1,No,No,70.5,200,Youngest Child,Cat
3.2,Female,3.9,25,0,0,Public,1,3,No,Yes,4,No,No,65,135,Middle Child,Dog
3,Male,3,26,0,0,Public,1,3,No,Yes,5,Yes,No,71,190,Youngest Child,Dog
2.85,Male,3.1,26,0,0,Public,1,3,No,Yes,1,Yes,No,70,155,Middle Child,Neither
2.4,Female,3.9,24,2,0,Public,1,3,No,No,6,No,No,69,168,Middle Child,Dog
2.98,Female,4,24,4,15,Public,1,3,No,Yes,5,No,No,62,115,Youngest Child,Dog
3.4,Male,4.02,27,0,30,Public,1,3,No,No,5,No,No,71,200,Oldest Child,Dog
3.16,Female,3.6,27,0,32,Public,1,3,No,No,2,No,No,69,144,Middle Child,Dog
2.98,Female,3.98,22,4,35,Public,1,3,No,No,5,No,No,70,175,Oldest Child,Dog
3,Female,3.2,28,0,40,Public,1,3,No,No,4,Yes,No,61,135,Oldest Child,Dog
2.98,Male,2.65,30,0,0,Private,2,3,No,No,5,Yes,Yes,72,135,Oldest Child,Dog
3.42,Male,3.3,23,0,0,Public,2,3,Yes,No,2,Yes,No,72,145,Middle Child,Neither
3.81,Female,3.8,24,6,0,Public,2,3,No,Yes,7,No,Yes,62,120,Youngest Child,Cat
3.46,Male,3.92,20,0,10,Public,3,3,No,No,2,Yes,Yes,70,160,Oldest Child,Both
2.6,Female,3.43,26,0,19,Private,1,4,No,No,4,Yes,Yes,67,165,Middle Child,Neither
2.75,Male,3.5,23,0,0,Public,1,4,No,Yes,1,No,No,70,158,Middle Child,Dog
2.28,Male,3,26,0,0,Public,1,4,No,No,3,Yes,Yes,71,180,Youngest Child,Dog
2.7,Male,3.8,25,3,0,Public,1,4,No,Yes,4,No,No,72,180,Youngest Child,Dog
3.1,Male,3.89,25,9,0,Public,1,4,No,Yes,7,No,Yes,74,235,Youngest Child,Dog
2.77,Male,3.45,22,18,0,Public,1,4,No,Yes,8,No,No,71,185,Middle Child,Dog
3.78,Female,3.8,27,0,12,Public,1,4,No,Yes,3,No,No,59,110,Oldest Child,Dog
2.98,Male,3.7,22,0,14,Public,1,4,No,No,2,No,Yes,67,210,Middle Child,Both
3.56,Female,3.94,28,12,15,Public,1,4,No,No,8,Yes,Yes,68,140,Youngest Child,Dog
2.85,Male,3.8,25,9,20,Public,1,4,No,Yes,2,No,Yes,76,195,Oldest Child,Dog
2.78,Male,3.79,21,12,35,Public,1,4,No,Yes,3,Yes,Yes,72,160,Oldest Child,Dog
2.85,Male,3.65,23,6,10,Private,2,4,Yes,Yes,4,Yes,No,73,189,Youngest Child,Neither
3.41,Female,3.75,26,0,0,Public,2,4,No,Yes,6,Yes,No,63,151,Middle Child,Neither
2.89,Female,3.1,24,0,40,Public,2,4,No,No,5,Yes,No,65,135,Middle Child,Dog
3.2,Female,4,35,15,0,Public,3,4,No,Yes,7,No,No,62,105,Only Child,Cat
3.96,Female,3.81,24,0,0,Private,1,5,No,Yes,7,No,No,64,110,Middle Child,Dog
3.3,Male,3.4,27,6,0,Private,1,5,No,Yes,4,No,Yes,71,182,Youngest Child,Dog
3.6,Female,3.4,28,0,4,Private,1,5,No,Yes,6,No,Yes,67,130,Youngest Child,Dog
3.44,Female,4,29,1,12,Private,1,5,No,No,9,Yes,No,60,100,Middle Child,Neither
2.89,Male,3.65,27,3,30,Private,1,5,No,Yes,2,Yes,No,73,195,Oldest Child,Neither
3.2,Female,3.5,22,0,0,Public,1,5,No,No,2,No,No,68,150,Oldest Child,Dog
3.34,Female,3.78,24,0,0,Public,1,5,No,Yes,3,Yes,No,67.5,132,Youngest Child,Dog
2.73,Female,3.6,25,3,0,Public,1,5,No,Yes,7,No,No,67,130,Middle Child,Dog
3.14,Female,3.44,27,6,0,Public,1,5,No,Yes,5,No,Yes,64,120,Youngest Child,Dog
3.14,Female,3.44,27,6,0,Public,1,5,No,Yes,6,No,Yes,64,120,Youngest Child,Dog
2.97,Female,3.5,23,6,6,Public,1,5,No,No,2,Yes,Yes,63,122,Middle Child,Dog
2.7,Male,3.2,25,0,10,Public,1,5,No,No,5,No,No,76,175,Oldest Child,Dog
3.2,Male,3.05,29,0,10,Public,1,5,No,No,2,Yes,Yes,70,170,Oldest Child,Dog
2.5,Male,3.25,25,6,18,Public,1,5,No,No,4,No,No,72,225,Oldest Child,Both
3.74,Male,4,27,12,0,Public,2,5,No,No,5,Yes,No,71,235,Youngest Child,Dog
2.85,Male,3.9,28,12,0,Public,2,5,No,Yes,2,No,No,72,150,Oldest Child,Dog
3.42,Female,3.7,23,4,0,Private,3,5,No,Yes,5,No,No,65,152,Youngest Child,Neither
2.99,Male,3.74,26,12,24,Public,3,5,No,No,8,No,No,66,125,Youngest Child,Dog
3.56,Female,3.75,24,0,15,Private,1,6,No,Yes,2,No,Yes,76,155,Oldest Child,Dog
2.23,Female,3.9,27,0,15,Private,1,6,No,No,7,Yes,Yes,67,130,Oldest Child,Dog
3.01,Male,3.27,24,0,0,Public,1,6,No,Yes,3,Yes,Yes,70,168,Oldest Child,Dog
3.25,Female,4,25,0,0,Public,1,6,No,Yes,4,No,No,62,165,Youngest Child,Dog
3.49,Male,4,29,0,0,Public,1,6,No,No,3,Yes,No,68,142,Only Child,Neither
3,Male,3.3,21,3,0,Public,1,6,No,Yes,1,Yes,No,72,145,Youngest Child,Dog
3.64,Female,3.9495,28,12,10,Public,1,6,No,No,5,Yes,No,69,140,Youngest Child,Dog
3.1,Male,3.8,29,0,12,Public,1,6,No,Yes,2,No,No,69,185,Only Child,Neither
3.65,Female,3.45,23,3,15,Public,1,6,No,Yes,2,No,No,65,150,Oldest Child,Cat
3.33,Female,3.34,22,0,25,Public,1,6,No,No,5,Yes,No,66,115,Oldest Child,Neither
2.78,Male,3.3,28,9,10,Private,2,6,No,No,3,Yes,Yes,72,240,Oldest Child,Dog
3.34,Female,3.64,28,2,6,Public,2,6,No,Yes,4,Yes,No,71,140,Oldest Child,Neither
3.33,Female,4,32,6,25,Public,2,6,No,No,4,Yes,No,66.25,162,Oldest Child,Dog
3.08,Male,3.92,24,0,28,Public,2,6,Yes,No,4,Yes,Yes,58,160,Youngest Child,Dog
2.95,Male,3.75,28,15,0,Private,1,7,No,Yes,7,No,Yes,76,190,Youngest Child,Neither
2.89,Female,3.7,24,0,0,Public,1,7,No,Yes,5,No,Yes,67,166,Middle Child,Dog
3.81,Male,3.9,25,6,0,Public,1,7,No,Yes,5,No,Yes,68,150,Youngest Child,Neither
2.81,Female,3.75,29,13,9,Public,1,7,No,Yes,4,Yes,Yes,64,130,Youngest Child,Dog
2.23,Male,3.33,27,0,12,Public,1,7,No,No,3,No,No,70,205,Youngest Child,Dog
2.05,Female,3.59,22,0,15,Public,1,7,No,No,8,No,No,67,260,Middle Child,Dog
3.82,Female,3.52,23,0,15,Public,1,7,No,No,3,Yes,No,68.4,125,Middle Child,Neither
2.64,Male,3.23,26,4,16,Public,1,7,No,No,6,Yes,No,67,154,Oldest Child,Dog
2.77,Male,3.55,28,0,25,Public,1,7,No,No,3,No,No,70,173,Youngest Child,Neither
3.35,Male,3.65,26,0,26,Public,1,7,No,Yes,2,Yes,Yes,68,140,Middle Child,Dog
3.23,Male,3.95,31,24,0,Private,1,8,No,Yes,2,Yes,No,70,170,Middle Child,Dog
3.56,Female,4,25,0,0,Public,1,8,No,Yes,10,Yes,Yes,64,120,Youngest Child,Neither
2.94,Female,4,27,8,0,Public,1,8,No,No,10,No,No,63,115,Oldest Child,Dog
3,Female,3.4,32,6,6,Public,1,8,No,Yes,4,No,Yes,67,130,Middle Child,Dog
3.82,Female,3.73,28,9,12,Public,1,8,No,Yes,0,Yes,Yes,65,109,Youngest Child,Cat
3.28,Male,3.69,26,6,15,Public,1,8,Yes,Yes,6,Yes,Yes,75,175,Youngest Child,Neither
3.23,Female,4,28,6,17,Public,1,8,No,No,6,No,Yes,62,108,Oldest Child,Dog
2.44,Male,3.72,26,0,20,Public,1,8,No,Yes,5,Yes,No,70,190,Oldest Child,Neither
2.01,Male,3.4,22,0,33,Public,1,8,No,No,3,No,No,77,135,Middle Child,Both
3.45,Female,3.98,26,2,35,Public,1,8,No,No,4,Yes,Yes,66,125,Youngest Child,Neither
2.78,Female,3.6,28,5,50,Public,1,8,No,Yes,5,Yes,No,60,106,Youngest Child,Neither
3.55,Male,3.67,29,0,12,Public,2,8,No,Yes,4,Yes,Yes,71,165,Oldest Child,Dog
3.72,Female,3.94,27,0,20,Public,2,8,No,Yes,2,Yes,Yes,64,125,Youngest Child,Neither
3.65,Male,3.86,26,12,24,Public,4,8,No,Yes,8,Yes,Yes,66,235,Youngest Child,Dog
2.79,Male,3.2,23,0,12,Public,1,9,No,Yes,1,Yes,Yes,76,185,Oldest Child,Both
3.5,Female,3.8,26,4,15,Public,1,9,No,Yes,5,Yes,Yes,63,112,Oldest Child,Neither
3.07,Male,3.87,23,6,20,Public,1,9,No,No,7,No,No,70,145,Middle Child,Neither
3.12,Male,3.6,31,8,15,Public,2,9,No,Yes,2,Yes,Yes,73,155,Middle Child,Dog
3.53,Female,3.8,21,9,30,Public,2,9,No,No,5,Yes,No,60,120,Oldest Child,Dog
2.9,Female,3.6,24,18,0,Private,1,10,No,No,5,Yes,No,67,126,Oldest Child,Both
3.15,Male,3.81,26,6,15,Private,1,10,No,Yes,4,Yes,Yes,68,156,Middle Child,Neither
3,Male,3.5,24,0,0,Public,1,10,No,Yes,3,No,Yes,70,160,Oldest Child,Dog
2.6,Male,4,18,6,0,Public,1,10,No,No,3,No,Yes,73,255,Oldest Child,Dog
2.98,Male,3.8,30,14,0,Public,1,10,No,Yes,4,No,No,71,171,Youngest Child,Dog
3.29,Male,3.5,26,0,8,Public,1,10,No,No,1,No,No,70,170,Only Child,Dog
3.01,Female,3.7,26,9,10,Public,1,10,No,No,8,Yes,No,62,120,Oldest Child,Dog
3.5,Female,3.875,24,4,14,Public,1,10,No,No,1,Yes,Yes,66,120,Only Child,Neither
3.02,Female,3,28,0,15,Public,1,10,No,No,2,Yes,Yes,64,133,Middle Child,Neither
3.65,Female,3.75,25,6,15,Public,1,10,No,No,2,No,No,60,134,Oldest Child,Cat
2.82,Male,2.7,19,0,20,Public,1,10,No,Yes,2,Yes,Yes,63,200,Youngest Child,Dog
2.88,Male,3.33,22,0,30,Public,1,10,No,No,3,No,Yes,70,210,Only Child,Neither
3.41,Female,4,30,6,0,Public,2,10,No,Yes,3,No,Yes,64,135,Middle Child,Dog
2.81,Female,3.9,21,0,15,Public,2,10,No,No,2,Yes,No,67,125,Youngest Child,Neither
3.76,Male,4.2,28,4,40,Public,2,10,No,No,2,Yes,Yes,73,205,Oldest Child,Cat
3.56,Female,4,30,3,0,Public,1,12,No,Yes,7,No,Yes,69,150,Oldest Child,Cat
3.75,Male,4,32,18,0,Public,1,12,No,Yes,5,No,Yes,70,165,Middle Child,Dog
3.4,Female,3.4,26,3,6,Public,1,12,No,Yes,3,No,Yes,66,115,Oldest Child,Dog
3.6,Male,3.27,31,6,20,Public,1,12,No,Yes,2,Yes,No,69,200,Only Child,Neither
3.67,Female,3.82,27,0,40,Public,1,12,No,No,8,No,No,70,160,Youngest Child,Cat
2.72,Female,3.7,24,6,40,Public,1,12,No,No,5,Yes,Yes,71,145,Middle Child,Dog
3.62,Male,3.88,26,0,0,Public,2,12,No,No,5,Yes,Yes,76,200,Oldest Child,Dog
3.33,Male,3,32,6,6,Public,2,12,No,No,4,No,No,76,205,Youngest Child,Dog
3.42,Male,3.99,28,0,0,Public,3,12,No,Yes,7,No,Yes,72,188,Oldest Child,Cat
3.42,Male,3.88,26,9,2,Public,1,13,No,Yes,3,No,Yes,72,155,Oldest Child,Dog
3.85,Female,3.65,29,0,25,Public,1,13,No,No,3,No,Yes,60,118,Oldest Child,Dog
3.71,Female,3.3,25,6,15,Public,2,13,No,No,4,Yes,No,61.5,124,Middle Child,Dog
2.83,Male,4.12,29,6,0,Public,1,14,No,Yes,2,Yes,No,70,175,Oldest Child,Dog
3.62,Female,3.85,29,30,25,Private,1,15,No,Yes,5,Yes,Yes,68,175,Youngest Child,Dog
1.96,Female,3.33,26,0,0,Public,2,15,No,No,4,Yes,No,63,112,Middle Child,Neither
3,Female,4.2,27,6,7,Public,2,15,No,No,3,No,No,66,175,Oldest Child,Dog
3.52,Male,4.58,30,24,20,Public,2,15,No,No,4,Yes,No,72,150,Oldest Child,Neither
3.07,Male,3.8,24,4,10,Private,1,16,No,No,5,Yes,Yes,69,173,Oldest Child,Dog
3.64,Female,3.8,23,15,10,Public,1,16,No,No,10,No,No,62,100,Middle Child,Dog
3.3,Female,3.8,25,12,0,Public,2,16,No,No,4,Yes,No,61,125,Oldest Child,Cat
2.79,Female,4.3,28,4,15,Public,2,17,No,No,4,Yes,No,67,130,Youngest Child,Neither
3.25,Male,3.45,24,0,0,Public,1,18,No,No,5,Yes,No,74,170,Youngest Child,Dog
3.4,Female,3.9,26,0,0,Public,2,18,No,Yes,6,Yes,Yes,66,128,Middle Child,Dog
3.75,Female,3.97,34,22,24,Public,1,19,No,No,6,No,No,71,155,Oldest Child,Neither
3.24,Male,3.6,25,0,0,Public,1,20,No,Yes,4,No,No,70,220,Youngest Child,Cat
3.15,Female,3.2,29,3,0,Public,2,20,No,Yes,5,Yes,Yes,65,125,Youngest Child,Neither
3.35,Male,4,28,14,0,Public,2,20,No,Yes,3,Yes,Yes,69,170,Oldest Child,Dog
1.89,Male,3.87,33,12,30,Public,2,20,No,Yes,3,Yes,No,71,165,Oldest Child,Dog
3.56,Female,4,26,36,20,Public,1,24,No,No,5,No,Yes,73,160,Only Child,Cat
3.07,Male,4,33,15,17,Public,1,25,No,Yes,3,Yes,No,71,200,Oldest Child,Neither
3.52,Female,2.8,25,9,10,Public,2,26,No,Yes,1,Yes,No,66,137,Oldest Child,Dog
2.3,Male,3.96,24,20,35,Public,4,26,No,No,4,Yes,Yes,66,165,Oldest Child,Dog
3.2,Male,2.88,26,0,0,Public,1,30,No,No,1,Yes,No,70,175,Middle Child,Dog
3.69,Female,3.97,27,0,18,Public,1,30,No,No,5,No,Yes,67,131,Only Child,Dog
3.7,Female,3.81,31,27,0,Public,1,48,No,Yes,9,Yes,No,69,165,Oldest Child,Dog
3.86,Female,4,28,12,0,Public,1,50,No,No,4,Yes,No,64,110,Middle Child,Dog
3.97,Female,3.2,26,0,0,Private,1,0,No,Yes,1,Yes,No,62,122,Middle Child,Dog
2.4,Male,3,26,0,0,Public,1,0,No,Yes,0,Yes,No,76,189,Only Child,Dog
3,Female,3.21,23,0,7,Public,1,0,No,Yes,0,Yes,No,65,120,Oldest Child,Dog
3.33,Female,3.71,29,0,8,Public,1,0,No,Yes,6,Yes,No,63,120,Oldest Child,Dog
3.56,Male,3.3,17,0,12,Public,1,0,No,Yes,2,Yes,No,67,151,Middle Child,Both
3.2,Male,3.66,29,0,12,Public,1,0,No,No,5,Yes,No,69,185,Oldest Child,Dog
3.55,Female,3.34,23,0,18,Public,1,0,No,No,5,Yes,No,66,130,Middle Child,Dog
3.2,Male,2.7,25,0,0,Private,2,0,Yes,Yes,5,No,Yes,72,170,Youngest Child,Dog
2.3,Male,3.2,22,0,18,Private,2,0,No,Yes,5,Yes,Yes,75,225,Oldest Child,Dog
2.8,Male,3.6,29,3,15,Private,1,1,No,Yes,7,No,Yes,75,190,Middle Child,Dog
3.64,Male,3.55,24,3,25,Public,1,1,Yes,No,3,Yes,No,71,151,Oldest Child,Dog
3.71,Female,3.45,21,0,40,Public,1,1,No,No,10,Yes,No,66,150,Only Child,Neither
2.72,Female,3.4,23,3,40,Public,1,1,No,No,3,Yes,Yes,57,121,Only Child,Dog
3.3,Male,3.6,28,0,0,Public,1,2,No,Yes,1,No,No,69,165,Youngest Child,Dog
3.7,Male,3.82,28,9,16,Private,1,3,No,Yes,3,Yes,Yes,72,185,Youngest Child,Dog
3.08,Female,3.78,27,0,0,Public,1,3,No,No,3,No,No,63,95,Only Child,Neither
3.74,Female,3.9,24,8,7,Public,1,3,No,No,4,Yes,Yes,63,114,Oldest Child,Dog
3,Male,3.75,25,0,27,Public,1,3,No,Yes,3,Yes,No,70,210,Youngest Child,Dog
2.91,Female,3.72,28,0,40,Public,1,3,No,Yes,4,Yes,No,64,135,Youngest Child,Dog
3,Male,2.9,21,15,0,Private,2,3,No,Yes,2,No,No,74,188,Youngest Child,Dog
2.74,Female,3.81,32,41,35,Private,2,3,No,No,4,Yes,No,66,190,Only Child,Dog
3.99,Male,4,29,6,0,Public,2,3,No,Yes,4,No,Yes,72,160,Oldest Child,Dog
3.34,Male,3.69,31,16,0,Private,1,4,No,Yes,8,No,No,73,180,Middle Child,Dog
3.1,Male,3,25,0,6,Private,1,4,No,No,5,No,Yes,65,160,Youngest Child,Dog
3.23,Female,3.33,22,8,0,Public,1,4,No,Yes,5,Yes,Yes,64,140,Oldest Child,Dog
3.01,Female,4.05,26,9,12,Public,1,4,Yes,No,4,Yes,No,66,147,Only Child,Cat
3.27,Female,3.53,25,0,16,Public,1,4,No,Yes,2,Yes,No,64,100,Only Child,Cat
3.78,Male,3.7,29,2,25,Private,2,4,No,No,4,Yes,Yes,75,186,Middle Child,Cat
2.78,Male,3.78,28,12,0,Public,2,4,No,Yes,5,No,Yes,68,175,Middle Child,Neither
3.78,Male,3.8,26,0,30,Public,3,4,No,Yes,3,Yes,No,68,155,Middle Child,Cat
3.3,Female,3.97,23,0,20,Public,1,5,No,Yes,14,No,Yes,69,160,Middle Child,Neither
3.83,Male,3.6,28,3,0,Private,1,6,No,Yes,1,No,No,69,175,Youngest Child,Dog
2.47,Male,3.89,20,0,20,Public,1,6,No,No,4,No,Yes,73,210,Middle Child,Dog
3.15,Female,3.7,22,0,0,Public,2,6,No,Yes,4,No,No,60,115,Middle Child,Dog
2.43,Female,3.8,23,0,0,Public,2,7,No,No,5,No,No,64,145,Youngest Child,Neither
3.69,Female,3.8,27,4,12,Public,2,7,No,Yes,3,Yes,No,68,140,Youngest Child,Neither
3.87,Male,4.34,28,4,1,Public,3,7,No,Yes,2,No,No,70,262,Oldest Child,Dog
3.56,Female,4,29,0,0,Public,1,8,No,Yes,6,Yes,No,69,170,Oldest Child,Dog
3.84,Female,4,30,8,8,Public,1,8,No,No,4,Yes,Yes,66,160,Middle Child,Dog
3.12,Male,3.4,27,3,16,Public,2,9,No,Yes,5,Yes,No,73,162,Youngest Child,Neither
2.47,Female,3.9,31,19,30,Public,2,9,Yes,Yes,6,Yes,No,67,135,Oldest Child,Dog
2.65,Male,3.14,26,0,0,Public,1,10,No,No,2,No,No,72,160,Youngest Child,Dog
3.35,Female,3.75,24,30,8,Public,1,10,No,Yes,2,No,Yes,67,136,Youngest Child,Cat
3.1,Male,4,32,0,10,Public,1,12,No,Yes,5,No,Yes,72,160,Youngest Child,Dog
3.98,Male,4.21,32,22,10,Public,2,14,Yes,Yes,0,No,No,71,172,Youngest Child,Both
3.2,Female,4.23,25,9,16,Public,1,16,No,Yes,6,Yes,Yes,66,135,Oldest Child,Neither
3,Female,4,27,3,16,Public,2,16,No,Yes,10,Yes,No,67,140,Youngest Child,Dog
3.5,Female,4,29,0,0,Public,1,20,No,Yes,5,Yes,No,68,130,Youngest Child,Neither
3.5,Female,4.3,28,6,20,Public,1,20,Yes,No,5,Yes,No,65,120,Middle Child,Dog
3.57,Female,3.99,25,20,15,Public,2,20,No,No,10,Yes,Yes,62,120,Oldest Child,Dog
